track,tempo,score
"Dubai Shit",138.076,5.22700023651123
"Es wird Zeit",85.718,7.00600004196167
"春夏秋冬",139.846,5.92000007629395
"Nuestro Secreto",110.113,6.4539999961853
"Regime Fechado - Ao Vivo",137.937,6.63500022888184
SUTRA,180.081,5.49300003051758
Banken,100.017,7.52199983596802
"Andere Liga",96.889,7.00600004196167
"Lean (feat. Towy, Osquel, Beltito & Sammy & Falsetto)",164.062,6.4539999961853
"Angel Zoo",80.022,7.52199983596802
Paradinha,180.054,5.49300003051758
"Baila Morena",208.205,6.4539999961853
"Fénix",160.07,6.09800004959106
"Adiós Amor",177.78,6.57800006866455
"Old School",94.995,6.71400022506714
"Heute mit mir",117.015,7.00600004196167
"Eikö Sua Hävetä",147.044,7.4689998626709
"Dile Que Tu Me Quieres",175.914,5.49300003051758
"Dancing On My Own",112.175,7.28399991989136
Skandale,99.073,7.00600004196167
"La Rompe Corazones",176.018,5.49300003051758
"September Song",95.955,5.84999990463257
"Don't Be So Shy - Filatov & Karas Remix",119.981,7.3769998550415
"Sowieso - Radio Version",127.996,7.00600004196167
"Élnünk Kellett Volna",122.093,5.32399988174438
"Little Boy",139.962,6.71400022506714
Saki,151.971,5.5
"Not Above Love",96.037,7.28399991989136
"You Were Right",122.014,7.28399991989136
"Pull Up N Wreck (& Metro Boomin)",173.095,5.22700023651123
"Já ég veit",91.061,7.50400018692017
"Sodom und Gomorrha",91.724,7.00600004196167
"Þú og ég",126.015,7.50400018692017
"Pejamkan Mata (feat. Dayang Nurfaizah)",159.905,6.08400011062622
"人生は夢だらけ",200.362,5.92000007629395
"Bust Down",146.015,6.99300003051758
Hawaii,130.253,7.00600004196167
"Mevsim Sonbahar",95.998,5.5
Warlordz,89.568,7.00600004196167
"Mask Off",150.062,5.22700023651123
Hanatabanokawarinimelodywo,129.869,5.92000007629395
"普通の今夜のことを ー let tonight be forever remembered ー",176.011,5.92000007629395
"Un Polvo",134.062,5.49300003051758
"A Ella",181.941,5.23000001907349
"Caile (feat. Zion & De La Ghetto)",129.99,5.49300003051758
"När man festar festar man",130.01,7.28399991989136
Trumpets,100.025,6.4539999961853
Sanki,160.034,5.5
Kontrollieren,132.018,7.00600004196167
"No vaya a ser",99.995,5.49300003051758
"All Star",104.034,7.28399991989136
goosebumps,130.049,5.22700023651123
"Den Bedste Julesang Ever",128.026,7.52199983596802
"Se Pone Loca",205.829,6.4539999961853
"Friday Night",128.051,7.28399991989136
Lamborghini,124.053,7.49399995803833
"Play That Song",98.959,7.28399991989136
Turutum,130.015,5.49300003051758
"Bohemian Rhapsody - Remastered 2011",71.105,7.28399991989136
"Bruce Wayne",172.283,6.71400022506714
"DIAMOND SUNSET",103.0,5.92000007629395
"Felices los 4",93.973,5.49300003051758
"100 Años",170.021,6.4539999961853
"Punto G - Remix",140.086,5.23000001907349
"Tatlım Tatlım - Orijinal Film Müziği",105.306,5.5
Caramelle,119.978,5.96400022506714
"Escápate Conmigo",91.977,5.49300003051758
"Una Flor",96.89,5.49300003051758
"DUELE EL CORAZON",90.999,5.49300003051758
"Kouya Wo Aruke",165.032,5.92000007629395
Du,143.827,7.49399995803833
"Di Sana Cinta Di Sini Rindu",95.994,6.08400011062622
"Harus Aku",145.966,6.08400011062622
"Ekki Seena",98.029,7.50400018692017
"Me Rehúso",104.827,5.49300003051758
Trapano,146.926,5.96400022506714
8TEEN,105.03,7.28399991989136
35,74.204,5.97300004959106
"Me Tehtiin Tää",95.051,7.4689998626709
"Si Me Dices Que Si (feat. Nicky Jam)",172.069,5.49300003051758
"Amorcito Enfermito",122.966,5.23000001907349
"Reina de Papi",115.002,5.23000001907349
Panda,144.833,5.22700023651123
"İstanbul",115.142,5.5
"Chasing Highs",111.968,6.71400022506714
"Cuatro Babys",130.099,5.49300003051758
"鱗(うろこ)",90.015,5.92000007629395
Crazy,111.97,7.28399991989136
"B.U.H.O (feat. Duki & Klave)",128.01,6.4539999961853
"Finally It's Christmas Again",96.984,7.52199983596802
"Fast Car",112.684,7.28399991989136
"Ninguém É de Ferro",156.006,6.63500022888184
T-Shirt,139.023,5.22700023651123
"Mordida, Beijo e Tapa",120.042,6.63500022888184
"Shape of You (Latin Remix) [feat. Zion & Lennox]",95.995,5.49300003051758
"Casi Humanos",107.941,6.40299987792969
"Feed Me Dope",150.012,5.22700023651123
"Nummer Eins",122.991,7.00600004196167
"Merry Christmas Everyone - Remastered",203.862,5.84999990463257
"Vente Pa' Ca",99.935,5.49300003051758
"Mon Poto",120.052,7.52199983596802
"Trap Paris (feat. Quavo & Ty Dolla $ign)",124.994,7.31599998474121
"She Don't Give a FO (feat. Khea)",119.938,5.49300003051758
"Alles ist erleuchtet",148.515,7.00600004196167
"La Modelo",98.005,5.49300003051758
"Tacos Altos",139.931,5.49300003051758
"Ocean Drive",115.048,7.28399991989136
"Starboy - Kygo Remix",93.01,7.28399991989136
"Remexe mexe",94.999,6.63500022888184
Safari,129.996,7.00600004196167
"Aquecimento das Potrancas",160.018,5.49300003051758
"Ku Hanya Sayang Padamu",140.028,6.08400011062622
"How To Make Gravy",189.748,7.28399991989136
"Aquela Pessoa - Ao Vivo",108.059,6.63500022888184
"Do I Make You Wanna",89.953,6.99300003051758
"Mandy Moore",115.006,7.28399991989136
"Me Vas a Extrañar",144.942,6.57800006866455
"16 Million",123.019,7.3769998550415
"That´s Me",104.983,6.57200002670288
"m.A.A.d city",91.048,7.28399991989136
Juraste,82.1,5.49300003051758
"Do I Wanna Know?",85.014,6.71400022506714
"Your Soul (Holding On)",116.119,7.00600004196167
Dirgahayu,145.003,6.08400011062622
"Ja må du leva",108.082,7.28399991989136
"For Evigt",146.971,7.28399991989136
Unpredictable,104.007,6.71400022506714
Bogini,106.347,5.97300004959106
"Annað Líf",119.978,7.50400018692017
"Helal Olsun",144.015,5.5
"Det Smukkeste",104.97,7.52199983596802
"3 A.M.",101.99,5.49300003051758
"Let Me Love You",105.058,7.28399991989136
"D Rose",121.968,6.99300003051758
"Demi Kita",86.95,6.08400011062622
"Dure Dure",180.141,5.49300003051758
"Rygg mot rygg",105.059,7.28399991989136
"Destino o Casualidad",153.301,6.35699987411499
"Eu Sei de Cor - Ao Vivo",123.827,6.63500022888184
"Rahan takii",123.94,7.4689998626709
"The Beginning",182.058,5.92000007629395
Arose,75.801,5.22700023651123
"さよならの前に",98.02,5.92000007629395
"Exclusividade - Ao Vivo",95.027,6.63500022888184
"Suena El Dembow",92.042,5.49300003051758
"U, u, u",124.964,5.32399988174438
"Wanna Know Remix (feat. Drake)",100.017,6.71400022506714
"Tu de Que Vas",97.993,5.71500015258789
Tuesday,99.002,5.22700023651123
"Trevo (Tu)",99.808,6.63500022888184
"Gauner in Lacoste",147.942,6.95100021362305
"E Essa Boca Aí? - Ao Vivo",150.045,6.63500022888184
"Ár Eftir Ár",134.973,7.50400018692017
"Áhrifin",160.021,7.50400018692017
"Zieh' den Rucksack aus",108.057,7.00600004196167
"Esa Boquita",180.021,5.49300003051758
Dueles,142.026,5.49300003051758
Kataomoi,96.986,5.92000007629395
Serseri,74.999,5.5
Myself,159.741,7.31599998474121
"Playa y Arena (Remix)",126.01,6.40299987792969
"Quisiera Ser Como el Perro",123.033,6.65199995040894
Creo,187.941,6.4539999961853
"Dime Si Vas a Volver",180.02,5.49300003051758
"New Freezer (feat. Kendrick Lamar)",140.012,5.22700023651123
"Feel - Radio Edit",121.004,7.00600004196167
Carnavalintro,190.065,5.49300003051758
"Vou Voando - Ao Vivo",136.898,6.63500022888184
Baila,106.007,6.4539999961853
"Aji Aji",103.989,7.52199983596802
Criminal,79.987,5.49300003051758
"Cheap Thrills",89.972,6.71400022506714
"I Can´t Go On",109.007,5.22700023651123
"The Sound",120.723,6.71400022506714
"Tårarna i halsen",79.984,7.28399991989136
"Real Thing (feat. Future)",160.054,7.31599998474121
"Háblame Bajito",92.026,5.49300003051758
Leve,177.843,6.57800006866455
4/5,159.935,7.3769998550415
"Sólo Mía",174.05,5.49300003051758
Canavar,100.002,5.5
"Finding You",199.661,7.28399991989136
Vliegtuig,140.034,7.3769998550415
Loterij,100.004,7.3769998550415
"Thinking About It (Let It Go) - KVR Remix",100.985,6.57200002670288
"Bak Bana",127.909,5.5
"Tú Sí Sabes Quererme",170.057,6.35699987411499
"Fluorescent Adolescent",112.115,6.71400022506714
"Everywhere - Remastered",114.965,7.28399991989136
"Hej, Sokoly!",166.264,6.09800004959106
"Purple Lamborghini (with Rick Ross)",147.268,7.28399991989136
"Amor para un Rato",110.076,6.4539999961853
"Otra Vez (feat. J Balvin)",96.016,5.49300003051758
"No More Sad Songs",102.024,6.71400022506714
"Rockin’",112.877,7.28399991989136
"Lamborghini - RMX",124.047,5.96400022506714
"Senza Pagare VS T-Pain",96.035,5.96400022506714
"Muy Personal",169.929,5.49300003051758
GAGA,128.243,5.92000007629395
"Me Enamoré",103.637,5.49300003051758
"Pulang Di Hari Raya",125.309,6.08400011062622
"Ah Ulan Sevda",132.054,5.5
"Tala Saman",140.0,7.50400018692017
"Glaub mir",145.361,7.00600004196167
"Mayor Que Yo 3",92.014,6.40299987792969
Ella,199.225,5.23000001907349
"Six Feet Under",140.035,5.22700023651123
Singular,119.713,6.63500022888184
Bargeld,168.078,7.00600004196167
Legende,134.001,7.52199983596802
Labbilabb,169.955,7.50400018692017
"Llegaste tú (feat. Reykon)",102.989,5.49300003051758
"Tamo Heavy",91.917,5.23000001907349
"Negarlo Todo",95.697,6.4539999961853
"Hey Baby - Lost Frequencies Remix",115.969,6.89099979400635
"La isla del amor - RMX",94.872,6.40299987792969
Recuerdos,78.982,5.49300003051758
"Me Llamas (feat. Maluma) - Remix",93.05,5.49300003051758
"Egoísta",91.999,5.49300003051758
"Sen Beni Yine",82.003,5.5
Demons,179.561,5.49300003051758
"Γ. Mosaïque solitaire",125.172,6.89099979400635
"Mutlu Sonsuz (Delibal Original Soundtrack)",64.689,5.5
"I Belong Here",117.982,7.28399991989136
"Nowy Kolor feat. Taco Hemingway",154.852,5.97300004959106
"また逢う日まで",78.007,5.92000007629395
"Ready To Love You",103.268,7.28399991989136
"Sin Contrato",96.022,5.49300003051758
"Noites Frustradas - Ao Vivo",110.027,6.63500022888184
"Tatlıyla Balla",91.98,5.5
"House Work",123.967,6.71400022506714
"Kelpaat kelle vaan (Vain elämää kausi 7) [feat. Apocalyptica]",88.32,7.4689998626709
"Me Acostumbre (feat. Bad Bunny)",124.041,5.49300003051758
"We Are",147.982,5.92000007629395
"Way Down We Go",163.255,5.22700023651123
Cola,122.007,7.28399991989136
"Ay Mami (feat. Bryant Myers)",120.084,5.23000001907349
"De Pies a Cabeza",169.988,5.49300003051758
"Oh Nanana",172.335,6.63500022888184
Skyldig,100.051,7.52199983596802
"Te Acuerdas de Mí",89.999,6.40299987792969
"La Noche No Es para Dormir",100.054,6.4539999961853
Boxerschnitt,96.012,7.00600004196167
Hello,94.985,5.23000001907349
"Ya Me Enteré (feat. Nicky Jam) - Urban Version",114.679,5.49300003051758
"Hedefini Bul",127.001,5.5
"Hula Hula",101.932,7.4689998626709
"Ayer 2 (feat. Dj Nelson, J Balvin, Nicky Jam, Cosculluela)",91.998,5.49300003051758
"Grenja (feat. Salka Sól)",125.967,7.50400018692017
"Von Party zu Party",120.002,7.00600004196167
Hyggesang,103.999,7.52199983596802
"Tan Fácil",90.036,5.23000001907349
"My Addiction",102.018,7.28399991989136
"Kimiga Suki",132.426,5.92000007629395
"Two Less Lonely People in the World (Official Movie Theme Song Of ""Kita Kita"")",139.839,5.42999982833862
"In Amsterdam",143.889,7.3769998550415
Oceans,119.973,7.28399991989136
"Sign Your Name - Cover",129.961,7.00600004196167
"Me Emborrachare - Bachata Radio Edit",124.037,5.18100023269653
"Little Do You Know",145.879,6.57200002670288
"Sola (Remix) [feat. Daddy Yankee, Wisin, Farruko, Zion & Lennox]",169.801,5.49300003051758
"Notes pour trop tard (feat. Ibeyi)",167.758,6.89099979400635
"Both of Us",160.108,5.26200008392334
Ayer,118.977,5.23000001907349
"Escápate Conmigo - Remix",92.015,5.49300003051758
"Sua Amiga Vou Pegar",130.026,6.63500022888184
"Di Atas Meja",76.845,5.26200008392334
"目抜き通り",125.314,5.92000007629395
"Me Descontrola",92.062,5.49300003051758
"Fy Faen",103.054,7.28399991989136
"El Adamı",140.056,5.5
"Star Of The Show",101.988,7.31599998474121
"Say It (feat. Tove Lo)",74.963,7.28399991989136
"Noche Loca",112.094,5.49300003051758
"Soy Peor Remix (feat. J Balvin, Ozuna & Arcangel)",115.997,5.49300003051758
"Kazdy rano",120.092,6.60900020599365
Solo,98.045,5.49300003051758
Olsun,100.009,5.5
"This Town",147.971,5.26200008392334
"Nunca Me Olvides",95.005,5.49300003051758
"Rápido, Brusco, Violento",96.997,6.40299987792969
"Fashion (feat. Rich The Kid)",143.03,6.99300003051758
Colosseum,94.922,6.60900020599365
"Santa Claus Is Comin' to Town",143.109,7.28399991989136
"Story X",124.08,6.89099979400635
"False Alarm",173.998,6.60900020599365
R.Y.U.S.E.I.,128.007,5.92000007629395
"Qual Bumbum Mais Bate",86.76,5.49300003051758
"Między słowami",107.129,5.97300004959106
"Davay Davay - feat. Muti",119.998,5.5
"ロビンソン",111.053,5.92000007629395
"Mehr als du",133.011,7.00600004196167
"Smells Like Teen Spirit",116.775,7.28399991989136
Vay,120.172,5.5
H.O.L.Y.,78.003,7.31599998474121
September,125.895,7.28399991989136
"Bailame despacio - Piso 21 Remix",176.021,5.49300003051758
"Say To Me",125.976,6.71400022506714
"Nobody Compares To You",104.884,5.26200008392334
"Vah ki Ne Vah",133.961,5.5
"Number 1",114.912,6.71400022506714
"El Último Trago",150.09,6.4539999961853
"Under 18",94.989,7.52199983596802
"Bilir mi?",110.03,5.5
"Nada Nada - Ao Vivo",169.857,6.63500022888184
"Horses (with PnB Rock, Kodak Black & A Boogie Wit da Hoodie)",149.906,5.26200008392334
"Feel Good Inc",138.559,7.28399991989136
"Fetty Wap",99.981,7.3769998550415
"Besos En Guerra",143.979,6.35699987411499
"Se Mig Nu",129.982,7.52199983596802
"Si Tú Me Quisieras",209.795,6.57800006866455
CQCQ,143.911,5.92000007629395
"Chill Bill",108.034,7.28399991989136
"Aleni Aleni",128.051,5.5
"Suíte 14 - Ao Vivo",102.075,6.63500022888184
"Vive Y Disfruta",109.847,6.4539999961853
Remember,106.075,5.92000007629395
Basique,132.068,6.89099979400635
"Mi Casa",99.481,6.40299987792969
Sirenas,126.98,6.40299987792969
"Palmen aus Gold",96.017,7.00600004196167
Herzbeben,128.001,7.00600004196167
"Infiel - Ao Vivo",126.08,6.63500022888184
"Günah Benim",96.487,5.5
Magnolia,162.99,5.22700023651123
"Slecht Blijft (Bonus)",92.291,7.3769998550415
"Yağmur",82.965,5.5
"Você Merece Cachê - Ao Vivo",169.985,6.63500022888184
"Come Again",100.022,7.3769998550415
"G Blettur",145.996,7.50400018692017
"Ice Melts",124.949,5.22700023651123
"Give Me Your Love - Radio Edit",125.024,6.71400022506714
"No Smoke",143.966,6.99300003051758
"Komşu Işıklar",123.956,5.5
"Trevo (Tu)",99.911,5.19500017166138
"Hey Mamma - Radio Edit",110.098,5.22700023651123
Intro,94.528,7.00600004196167
"Snacket på stan",110.997,7.28399991989136
"Real Madrid",130.055,7.00600004196167
History,104.959,7.28399991989136
"Que Va",91.012,5.49300003051758
"Te Robo Remix",93.013,5.49300003051758
"Dile Que Tu Me Quieres",88.006,5.49300003051758
"Te Quiero Pa´Mi",88.997,5.49300003051758
"Ganas Locas",176.014,5.49300003051758
HAPPY,114.976,5.92000007629395
"Joy To The World",101.754,5.22700023651123
"Tu Sin Mi",83.965,6.4539999961853
"Po' encima (feat. Bryant Myers)",176.042,5.23000001907349
"Que Fui Tu Amante",82.021,6.4539999961853
Replica,79.978,5.84999990463257
"Pasarla Bien",108.062,6.4539999961853
Probablemente,79.996,6.57800006866455
"Skyline mit zwei Türmen",92.124,7.00600004196167
"Feet Don't Fail Me",109.331,6.71400022506714
"Ayrılık Zamanı",120.009,5.5
"Kawa i Xanax",115.038,5.97300004959106
Chocolate,100.058,6.71400022506714
"Want to Want Me",114.025,6.71400022506714
"Ben Yoruldum Hayat",125.24,5.5
"Solo a Solas (feat. Maluma)",86.928,5.49300003051758
"In The Mood (feat. Veronica)",100.024,6.89099979400635
"Dile Que Tu Me Quieres Remix (feat. Yandel)",175.936,5.49300003051758
"Kung Fu",104.996,5.49300003051758
"Længe Siden",142.026,7.52199983596802
"Enginn Mórall",137.848,7.50400018692017
Bayang,96.865,6.08400011062622
"Ayala (Outro)",83.485,7.28399991989136
"Range Sessie",93.07,7.3769998550415
Sofia,128.014,6.60900020599365
"Man Of The Year",104.027,7.28399991989136
"Sedalam-Dalam Rindu",104.98,6.08400011062622
"Traîtres",122.011,6.89099979400635
"0 Sentimientos (Remix) [feat. Noriel, Darkiel, Lyan, Messiah & Baby Rasta]",107.963,5.49300003051758
"I Can't Stop",126.073,6.89099979400635
"Vazgeçtim",140.601,5.5
"So Good (& Metro Boomin)",90.008,5.22700023651123
"Így Játszom",94.54,5.32399988174438
Heimwee,115.008,7.3769998550415
Seviyorsun,185.95,5.5
"Er Derude",159.927,7.52199983596802
Unsteady,117.055,6.60900020599365
"Is This Love?",120.001,7.50400018692017
"Dancing in the Moonlight",119.397,7.28399991989136
"Boom Boom",110.004,5.49300003051758
Alo,140.035,5.5
"Por Fin Te Encontré",179.988,5.49300003051758
Net,124.945,5.5
"Bum Bum Tam Tam",131.99,5.49300003051758
"Summer Air",102.002,5.22700023651123
"Bajito No",117.151,6.4539999961853
"Love Scars",119.405,6.99300003051758
Snap,140.089,7.28399991989136
Amantes,92.027,6.35699987411499
Titibo-Tibo,119.866,5.42999982833862
Tembeleke,130.997,5.23000001907349
"Eines Tages",79.145,7.00600004196167
Asozial,100.048,7.00600004196167
Fuego,95.154,5.49300003051758
"O helga natt",85.93,7.28399991989136
"Let Me Hold You (Turn Me On)",102.949,7.28399991989136
Nougat,129.997,6.89099979400635
"Happy Days",118.032,5.96400022506714
"Addison Lee (Peng Ting Called Maddison)",133.967,6.71400022506714
AHA,87.28,5.97300004959106
"Ask For It",92.004,7.52199983596802
"Sígueme Bailando",94.97,5.49300003051758
"Giv Mig Noget",100.074,7.52199983596802
"Lost In Your Light (feat. Miguel)",117.097,5.22700023651123
"Birden Geldin Aklıma",163.991,5.5
"Smukkest På En Søndag",78.065,7.52199983596802
"Loco por Volverte a Ver",87.023,5.49300003051758
"Cono Gelato",126.112,5.96400022506714
"あなたがいるなら",130.004,5.92000007629395
"Karimata (Mute)",92.996,5.97300004959106
Kasih,174.044,6.08400011062622
"God, Your Mama, And Me",168.032,7.31599998474121
Love$ick,88.835,7.28399991989136
"Rapariga Não - Ao Vivo",126.001,6.63500022888184
"Slow & Easy",77.971,5.92000007629395
"Sin Contrato - Remix",96.053,5.49300003051758
"Skrt Skrt",95.672,7.31599998474121
"De l'autre côté (feat. Nekfeu)",113.951,6.89099979400635
Ahu,122.06,5.5
"Cuando Se Pone a Bailar",205.643,5.49300003051758
"Fake Magic",101.98,7.28399991989136
"Du kommer ångra det här",130.079,7.28399991989136
"Let the Sun Shine",117.078,6.71400022506714
"Love Song",90.081,7.3769998550415
"100 Años",170.035,6.4539999961853
Insegura,108.035,6.4539999961853
Caraluna,102.789,6.35699987411499
"Que Fue (feat. El Alfa)",119.989,5.23000001907349
"Acércate (feat. Nicky Jam) - Remix",88.007,5.49300003051758
"Yine Sevebilirim",144.005,5.5
"Can't Have Everything",82.495,5.22700023651123
"Fica - Bonus Track",93.961,6.63500022888184
"Saldo '07",73.586,5.97300004959106
"Liegen Voor Jou",119.935,7.3769998550415
"Banda de Camion",160.003,5.23000001907349
Vervloekt,107.958,7.3769998550415
"Where Are You Christmas",108.676,7.28399991989136
"Tenta Vir - Acústico",92.07,6.63500022888184
Supercut,124.881,5.22700023651123
A-Punk,174.923,6.71400022506714
"Ist da jemand",145.917,7.00600004196167
Neinei,105.026,7.50400018692017
"A Mala É Falsa - Ao Vivo",130.014,6.63500022888184
"Nuestro Secreto",104.042,5.49300003051758
"For Whom The Bell Tolls",111.65,6.99300003051758
"Bebe (feat. Anuel AA)",169.829,5.49300003051758
"Estaca Zero",165.042,6.63500022888184
"No Such Thing as a Broken Heart",171.988,7.31599998474121
"Locuras contigo",109.1,5.49300003051758
"Pierde Los Modales",89.991,6.35699987411499
Mayores,96.989,5.49300003051758
Friday,124.589,6.89099979400635
"Mele Kalikimaka - Single Version",204.153,5.22700023651123
"Si Tú La Ves",177.912,5.49300003051758
"Vida Tranquila",90.003,6.4539999961853
"Yanımda Kal",136.055,5.5
"Jingle Bells",108.367,6.40299987792969
"When We Were Young",143.86,7.28399991989136
Human,75.09,5.22700023651123
"Ela Só Quer Paz",172.019,6.63500022888184
"Olha a Explosão",89.988,5.49300003051758
"Paredes - Ao Vivo",169.974,6.63500022888184
Deli,95.066,5.5
"Mi Tesoro (feat. Nicky Jam)",93.003,5.49300003051758
Hurricane,75.975,7.31599998474121
"White Iverson",130.098,7.28399991989136
"Sé Que Te Duele",94.954,5.49300003051758
"O Que Falta Em Você Sou Eu - Ao Vivo",143.941,6.63500022888184
"Pettävällä Jäällä - Vain Elämää Kausi 6",111.983,7.4689998626709
Gamechanger,150.002,7.00600004196167
"Dile La Verdad",170.085,6.4539999961853
"Bailame Despacio - Piso 21 Remix",176.021,5.49300003051758
"Quiéreme",176.101,5.49300003051758
"What They Want",139.553,5.19500017166138
"Revival (Interlude)",99.861,5.22700023651123
"Sorry - Latino Remix",100.007,6.35699987411499
"Jul, jul strålande jul",109.464,7.28399991989136
Tinka,90.981,7.52199983596802
Loka,180.063,5.19500017166138
"Não Sinto",119.172,5.19500017166138
"Road Trip",130.027,7.28399991989136
"İçinde Aşk Var",94.948,5.5
Vitamina,131.98,5.49300003051758
"Kiss Me",74.993,7.28399991989136
"Crazy In Love",99.259,7.28399991989136
Segalanya,137.876,6.08400011062622
"Shut Up",74.457,6.71400022506714
"Menina Pipoco",140.048,6.63500022888184
"Ist es das was Ihr wollt (Intro)",184.584,7.00600004196167
"U R M' Pocket",182.019,5.92000007629395
"Günaydın Memur Bey",109.936,5.5
"Der Pate",127.743,7.00600004196167
"Take what you want (featuring 5 Seconds of Summer)",118.016,5.92000007629395
Wieso?,119.954,7.00600004196167
"Chave Cópia - Ao Vivo",135.957,6.63500022888184
Vuelve,77.426,6.40299987792969
"Baila Conmigo",99.948,5.49300003051758
"iPhone 17 (feat. Moé)",92.839,7.00600004196167
"キセキ",90.032,5.92000007629395
"Zeg Mij",116.028,7.3769998550415
Fuego,122.022,5.19500017166138
"優しくしないで'95",95.99,5.92000007629395
"No Type",125.008,5.97300004959106
"Vienes y Te Vas",203.791,6.4539999961853
"ラビリンス - Album Mix",121.967,5.92000007629395
"Traicionera - Remix",91.06,5.49300003051758
Malandramente,129.929,5.49300003051758
"Sor Bana Pişman mıyım",177.2,5.5
High,75.0,5.49300003051758
"Ressaca de Saudade - Ao Vivo",177.892,6.63500022888184
"Cada Dia (feat. Emiliano Brancciari)",96.052,5.49300003051758
"Zaten Kırılmış Bir Kızsın",104.999,5.5
Lamborghini,124.071,5.96400022506714
"Your Body - Cat Dealers Extended",124.004,5.5
"Gehen wir rein",113.024,7.00600004196167
"El Perdedor",173.967,5.49300003051758
"Í Síðasta Skipti",129.959,7.50400018692017
"Hepsi Aşktan",93.011,5.5
"Una Lady Como Tú",94.983,5.49300003051758
"La Colegiala",107.985,7.3769998550415
Neighbors,138.944,7.28399991989136
"Saçlar",87.528,5.5
"My Shit",77.998,6.99300003051758
"今宵の月のように",116.01,5.92000007629395
"Writer In The Dark",71.855,7.28399991989136
"Hu Hu",120.016,5.5
"La musica non c'è",135.919,5.96400022506714
"Flex Like Ouu",141.993,6.99300003051758
Road,123.958,5.19500017166138
"Tu Maldita Madre (Tiradera a El Lapiz Conciente)",121.041,5.23000001907349
"Pray For Me",127.946,5.97300004959106
"Quédate Conmigo",98.003,5.49300003051758
"Black Barbies",146.02,7.28399991989136
Mamacita,177.944,7.52199983596802
"Halfway To The Halfway House (feat. Peven Everett)",114.874,6.71400022506714
Nemt,95.034,7.52199983596802
"Ville Mentality",119.976,6.97700023651123
"Screw & Brew",105.34,6.71400022506714
Forskel,100.468,7.52199983596802
Blackout,76.018,7.00600004196167
"Take Me Out",104.545,6.71400022506714
"Mele 7",105.012,7.00600004196167
"Það snjóar",64.195,7.50400018692017
"Don't Worry Be Happy",68.837,5.19500017166138
"En La Punta De La Lengua",105.972,5.49300003051758
Wejoow,130.044,7.3769998550415
Akad,91.507,5.26200008392334
"Coño",99.919,7.3769998550415
"Take What You Want (feat. 5 Seconds of Summer)",117.939,6.08400011062622
Destur,99.996,5.5
"Tam da Şu An",82.033,5.5
"Liikaa Sussa Kii",122.922,7.4689998626709
"Lo Que Tengo Yo",118.292,5.71500015258789
Energie,100.001,7.3769998550415
Ajajaj,99.027,7.00600004196167
"Look At Me!",139.059,5.22700023651123
"The Heat (I Wanna Dance With Somebody)",123.987,6.71400022506714
Caramelo,134.058,6.89099979400635
"Te Busco (feat. Nicky Jam)",88.95,5.49300003051758
"Bon Voyage",116.938,7.00600004196167
Krantenwijk,120.014,7.3769998550415
Ahnma,80.881,7.00600004196167
"İhanetten Geri Kalan",174.015,5.5
Blau,96.051,7.00600004196167
"Meet Me in the Hallway",104.252,5.22700023651123
"Wake N Bake",102.466,5.19500017166138
"El Sistema Solar (En Vivo)",123.047,5.49300003051758
Baby,122.051,6.71400022506714
Cazal,89.863,7.00600004196167
Tastamam,89.99,5.5
Breathing,102.994,6.89099979400635
"Rabetão",86.534,5.49300003051758
"Marmalade (feat. Lil Yachty)",136.043,7.28399991989136
"Decembernatt (Halleluja)",94.583,7.28399991989136
"Ceylan - Kıvanch K Versiyon",108.012,5.5
Vuelve,130.023,5.49300003051758
"Diles (feat. Arcangel, Nengo Flow, Dj Luian & Mambo Kings)",117.955,5.49300003051758
"Shaky Shaky",88.007,5.49300003051758
Miracle,172.516,5.92000007629395
"Berakhirlah Sudah",149.975,6.08400011062622
"Bust Down",73.001,7.31599998474121
"Patte fließt",92.851,7.00600004196167
"Mayor Que Yo",95.964,6.4539999961853
"Bir Elmanın Yarısı",100.048,5.5
"No Quiero Amores",182.184,6.35699987411499
"20 Min",123.426,6.99300003051758
"No Complaints",123.956,5.22700023651123
"The Man With The Bag",70.057,5.22700023651123
"Gece Gölgenin Rahatına Bak",100.962,5.5
"No Favors / 5000",106.036,7.52199983596802
"Más Que Ayer",89.985,5.49300003051758
"Encantadora - Remix",169.98,5.49300003051758
"911 / Mr. Lonely",90.034,7.28399991989136
Montpellier,107.937,7.00600004196167
"Feel The Love (feat. John Newman)",179.911,6.71400022506714
"Golden Touch - Full Length",95.315,6.71400022506714
"História",96.021,5.19500017166138
"どこまでも ~How Far I'll Go~(エンドソング)",90.816,5.92000007629395
"Desert Eagle",105.062,7.00600004196167
"Kaktüs",92.011,5.5
"Que Sorte A Nossa - Live",95.034,6.63500022888184
"To You",130.033,5.5
"Borro Cassette",175.95,5.49300003051758
"From The D To The A (feat. Lil Yachty)",99.061,6.99300003051758
"Show Me How to Live",89.4,7.28399991989136
"Tuba Life",152.18,6.89099979400635
Vienna,109.189,7.00600004196167
"De Ved Godt",119.975,7.52199983596802
Sing,119.988,7.28399991989136
"Zeit ist Geld",89.966,7.00600004196167
"Tudo de Bom",129.995,6.63500022888184
"MMMBop - Single Version",104.833,6.71400022506714
"Leiðin okkar allra",135.937,7.50400018692017
"春の虹",134.941,5.92000007629395
"La Cómplice",93.979,6.35699987411499
"Always This Way",155.739,6.71400022506714
"Ain't Your Mama",120.075,6.40299987792969
Afitap,132.0,5.5
"Ahora Me Llama",134.934,5.49300003051758
"Lo Tenemo - Remix",116.015,5.23000001907349
"Když nemůžeš, tak přidej",99.988,6.60900020599365
"Ni**as In Paris",140.047,7.28399991989136
"Ekki Eins Og Þeir (Interlude)",99.068,7.50400018692017
Cocoon,114.033,7.28399991989136
"X Men",140.017,6.99300003051758
Invisible,203.938,6.4539999961853
"Aşka",127.976,5.5
"Nada Es Como Tú - Acústico",85.057,6.4539999961853
"Needed Me",110.898,7.28399991989136
"What Is Love 2016",124.995,7.3769998550415
"Una Lady Como Tú - Remix",95.008,5.49300003051758
"Þetta má",158.017,7.50400018692017
Vacaciones,96.031,5.49300003051758
"Ordinary People",67.011,6.71400022506714
"Me & You (feat. IRO)",120.988,6.63500022888184
"Palmen aus Plastik",104.906,7.00600004196167
"Çoban Yıldızı",119.808,5.5
"Senza Pagare VS T-Pain",96.035,5.96400022506714
"Waiting For",110.027,7.28399991989136
"Gülcemal",92.363,5.5
"4x Duurder",124.982,7.3769998550415
"Favorisca i sentimenti",79.822,5.96400022506714
"Footprints in the Sand",132.931,5.22700023651123
Jumpman,142.072,7.28399991989136
"I Get The Bag (feat. Migos)",139.948,5.22700023651123
Juna,124.988,7.4689998626709
"Astronaut - Something About Your Love",106.078,7.28399991989136
"Beni Çok Sev",118.009,5.5
Pompeii,127.435,6.71400022506714
"Omuzumda Aglayan Bir Sen",159.986,5.5
"Chöre",129.962,7.00600004196167
"Reggaetón Lento (Bailemos)",93.974,5.49300003051758
"The Power of Love",122.913,6.71400022506714
Mitakotomonaikeshiki,90.473,5.92000007629395
Rapuh,135.818,6.08400011062622
"I'm Stuck",123.031,5.22700023651123
"Story of Our Life",145.911,5.92000007629395
"Oh Novinha",86.555,6.63500022888184
"Hun Blev Bare Så Glad",138.577,7.52199983596802
"I Was King",92.505,5.92000007629395
"Ik Ga Weg",127.973,7.3769998550415
Limbo,102.926,7.52199983596802
"Al Pacino",132.012,5.32399988174438
"The Hills",135.553,7.28399991989136
"Aquele 1% - Ao Vivo",170.007,6.63500022888184
"Erase Your Social",140.058,6.99300003051758
"Have Yourself A Merry Little Christmas",68.764,5.84999990463257
Crucified,110.063,7.28399991989136
"Amor Con Hielo",135.961,6.35699987411499
"God Dag",111.966,7.52199983596802
Gamma,119.96,7.00600004196167
"Cuánto Me Duele",142.044,6.35699987411499
"Bella y Sensual",179.864,5.49300003051758
38,123.072,7.00600004196167
"Know No Better (feat. Travis Scott & Quavo) - Bad Bunny Remix",119.048,5.49300003051758
Gertrud,115.976,7.52199983596802
"May We All",75.019,7.31599998474121
"Impasse - Ao Vivo",96.08,6.63500022888184
"Comerte a Besos (feat. Cande Buasso)",110.029,6.4539999961853
"Skólarapp",87.436,7.50400018692017
"No Roots",115.958,7.00600004196167
Atramis,119.992,7.00600004196167
Patsergedrag,123.961,7.3769998550415
Dexter,104.036,7.49399995803833
"Death Of A Bachelor",139.256,6.99300003051758
"Sensin Benim En Derin Kuyum",96.982,5.5
"Running Back (feat. Lil Wayne)",127.133,7.31599998474121
"Sanki Rüya",100.002,5.5
Bloodstream,91.207,6.71400022506714
"She Moves In Her Own Way",153.315,6.71400022506714
Spielplatz,124.052,6.95100021362305
"Aðfangadagskvöld",133.765,7.50400018692017
Chantaje,102.033,5.22700023651123
"Other People",90.992,6.60900020599365
Aisyah,123.948,6.08400011062622
"First Day Out",98.008,6.99300003051758
Tuesday,98.972,5.22700023651123
"Heartache On The Dance Floor",116.005,6.99300003051758
Nougat,130.057,6.89099979400635
Kiwi,147.124,5.22700023651123
"No Roots",115.963,7.00600004196167
"Sober II (Melodrama)",112.948,7.28399991989136
"Perro Fiel",183.817,5.49300003051758
"Merry Christmas Baby",101.391,7.28399991989136
"Benz Truck - гелик",92.02,5.84999990463257
Besame,94.013,5.49300003051758
"Se o Amor Tiver Lugar",119.898,6.63500022888184
"Tu No Metes Cabra Remix (feat. Daddy Yankee, Anuel AA & Cosculluela)",91.967,5.49300003051758
"The First Noel - 1999 - Remaster",84.741,5.22700023651123
"Percocet - Remix",129.991,5.49300003051758
"Για Κάποιο Λόγο",128.048,5.22700023651123
"魚仔 - 電視劇<花甲男孩轉大人>主題曲",82.011,6.57200002670288
"I Sip",100.11,7.31599998474121
PRBLMS,103.019,7.31599998474121
Bimbi,133.956,5.96400022506714
"I See Fire",152.037,7.28399991989136
"Bende Bir Porblem Var - Akustik Versiyon",167.81,5.5
Destiny,154.076,5.92000007629395
"El Cristal",91.974,6.65199995040894
"Sesuci Lebaran",165.105,6.08400011062622
"Party On The West Coast (feat. Snoop Dogg)",103.951,5.22700023651123
"Last Resort",90.578,6.60900020599365
"Ahora Me Llama - Remix",135.034,5.49300003051758
"Me Llueven",122.009,5.49300003051758
"Sua Cara (feat. Anitta & Pabllo Vittar)",99.957,5.49300003051758
"A Ella",181.76,5.49300003051758
Plecak,141.978,5.97300004959106
"Medley Cumbias 1: Los Domingos / El Caminante / Cumbia para Adormecerte / La Mafafa - Live",105.032,6.65199995040894
"Pizza Kebab",143.045,7.49399995803833
"INTERLUDE S.G.S.4",77.613,5.92000007629395
"Nowhere Fast (feat. Kehlani)",79.024,5.22700023651123
"Haydi Gel İçelim",136.017,5.5
"Eu Era",132.337,6.63500022888184
Enkelit,95.081,7.4689998626709
"35 Pa Las 12",148.93,5.23000001907349
"Wie Falco",137.026,7.00600004196167
"Nasty (Who Dat)",179.041,7.31599998474121
Zorza,65.93,5.97300004959106
"Bebé",169.758,5.23000001907349
"Terapinga - Ao Vivo",119.993,6.63500022888184
"Deja vu",123.981,5.49300003051758
"Warkah Untukku",139.954,6.08400011062622
"No Vacancy (with Sebastián Yatra)",99.987,6.35699987411499
"Loca (feat. Cali Y El Dandee)",95.019,5.49300003051758
"The Prayer",108.661,7.28399991989136
"Loco Enamorado",94.0,5.49300003051758
Trouble,124.031,6.71400022506714
"Como Faz Com Ela - Ao Vivo",171.961,6.63500022888184
"Happy Days",118.032,5.96400022506714
"Hotline Bling",134.96,7.28399991989136
"unendlichkeit - Main Edit",85.061,7.00600004196167
"恋音と雨空",129.064,5.92000007629395
Murcielago,137.985,7.00600004196167
Saint,150.06,5.22700023651123
"Llamame Mas Temprano",100.014,5.49300003051758
"Please Don't Lie",93.963,7.52199983596802
Fallout,177.889,7.00600004196167
"Terapinga - Ao Vivo",119.979,6.63500022888184
"Lay Down",109.888,7.28399991989136
Skejsen,140.103,7.52199983596802
"Na Conta Da Loucura - Ao Vivo",136.09,6.63500022888184
"Sleigh Ride",91.638,7.28399991989136
"Dirt On My Boots",90.008,6.99300003051758
Scary,137.718,6.71400022506714
"Fazer Falta",76.792,5.49300003051758
"Tu Falta De Querer",129.995,6.57800006866455
"El Final",84.98,5.23000001907349
"No Such Thing as a Broken Heart",171.969,7.31599998474121
"Amame una Vez Más",97.928,5.71500015258789
"Let Me Love You",94.539,7.28399991989136
"Burden Down",123.037,7.3769998550415
"Dertler İri Kıyım",150.035,5.5
"Una y Otra Vez",105.069,6.4539999961853
"Quiero Que Vuelvas",120.071,5.49300003051758
"Me Enamoré",103.71,5.49300003051758
Studiogangster,141.983,7.00600004196167
Karma,99.998,5.5
"Sturmmaske auf (Intro)",93.014,7.00600004196167
"Ε. Signaler",176.122,6.89099979400635
"No Quiero Amores",182.184,5.49300003051758
Aleluia,119.981,5.19500017166138
"pick up the phone",136.919,7.28399991989136
"Eu, Você, O Mar e Ela",166.018,6.63500022888184
"Bu Mudur - Akustik Versiyon",109.93,5.5
"Qué Me Has Hecho",95.028,5.49300003051758
"Al Fuego",104.028,7.52199983596802
"Ya Me Enteré",131.981,5.49300003051758
Youth,96.017,7.28399991989136
"Bam Bam",167.977,7.00600004196167
Hov1,120.002,7.28399991989136
Rainbow,120.111,7.3769998550415
Kangoeroe,95.352,7.3769998550415
"Sigo Extrañándote",93.022,5.49300003051758
"Unforgettable - Latin Remix",97.985,5.49300003051758
"Eteği Belinde",143.982,5.5
"Should Have Been There",120.023,7.00600004196167
"Seu Polícia - Ao Vivo",140.031,6.63500022888184
"El Ratico",88.891,6.35699987411499
"Como É Que a Gente Fica - Ao Vivo",117.196,6.63500022888184
Bajito,176.291,6.35699987411499
Vacaciones,96.017,5.49300003051758
Alarm,146.928,7.28399991989136
"Tan infinito",98.003,6.4539999961853
"Slippery (feat. Gucci Mane)",141.967,5.22700023651123
"Senden Daha Güzel",88.718,5.5
"Kleine Jongen",82.018,7.3769998550415
"Saturnz Barz (feat. Popcaan)",80.051,7.28399991989136
"刚好遇见你",155.915,6.57200002670288
"Blinded By Your Grace, Pt. 2 (feat. MNEK)",120.038,6.71400022506714
"Can't Stop",91.455,5.84999990463257
"I Can't Fall in Love Without You",130.813,7.50400018692017
"Deja Vu",174.324,7.28399991989136
"Ando buscando",98.003,5.49300003051758
Naked,105.981,5.32399988174438
"Bølgen",134.9,7.52199983596802
"Allesammen Alene",55.908,7.52199983596802
"This Is Me (From The Greatest Showman)",94.44,6.57200002670288
Prepago,139.934,5.49300003051758
"Flatliner (feat. Dierks Bentley)",114.995,6.99300003051758
Volume,89.869,7.3769998550415
Alone,142.011,5.23000001907349
"American Dream",163.909,7.31599998474121
"Büyük İnsan - Akustik",122.546,5.5
"Déjala Que Vuelva (feat. Manuel Turizo)",170.019,5.49300003051758
Dialeto,99.912,5.19500017166138
Cheguei,130.062,5.19500017166138
GPS,143.949,5.49300003051758
Dream,93.989,5.92000007629395
"Lost on You",174.006,5.84999990463257
Traicionero,132.038,6.4539999961853
"Tô Apaixonado Nessa Mina",129.899,5.49300003051758
Patsergedrag,123.961,7.3769998550415
"Korkma Söyle",80.088,5.5
"O Verão Está Chegando",130.015,6.63500022888184
"Ojitos Chiquitos",170.011,5.49300003051758
"Bruk It Dung",98.044,7.0789999961853
"Qué Gano Olvidándote - Versión Urbana",197.989,5.49300003051758
"Slovensky klin",100.021,6.60900020599365
"Uçurtma",120.373,5.5
Moves,75.515,5.22700023651123
Stranger,105.042,7.28399991989136
"Græða Peninginn",97.981,7.50400018692017
"Viva La Vida",138.017,7.28399991989136
"Louca de Saudade - Ao Vivo",106.017,6.63500022888184
"Pick It Up (feat. A$AP Rocky)",135.995,5.22700023651123
Op,180.053,7.52199983596802
Safari,180.044,5.49300003051758
"366.Gün",82.995,5.5
"Oh Meu Deus",149.985,6.63500022888184
Blockia,138.009,5.23000001907349
"Noche en Hawaii",94.914,5.49300003051758
"Indifférent",119.946,7.52199983596802
"Las Fresas - Version Urban",99.984,6.65199995040894
"Mentalmente - Ao Vivo",127.469,6.63500022888184
"Θ. Macarena",129.908,6.89099979400635
"Sugar (feat. Francesco Yates)",123.063,7.28399991989136
GerviGlingur,140.003,7.50400018692017
"黄熱病 -YELLOW FEVER- × STUTS",105.494,5.92000007629395
Volare,149.977,5.96400022506714
Caroline,120.041,7.28399991989136
"Bad Ideas",120.005,7.00600004196167
"'Till I Collapse",171.411,5.22700023651123
"Outta Control (feat. Hamza)",143.959,7.00600004196167
"エイリアンズ",170.067,5.92000007629395
"Ponte Bonita (feat. Wolfine)",91.993,5.71500015258789
"Corazon De Seda (feat. Ozuna)",90.034,5.23000001907349
Sabar,87.884,6.08400011062622
"Angels (feat. Saba)",155.914,7.31599998474121
"Hasta el Amanecer",94.013,5.49300003051758
"Nicht jetzt",116.029,7.00600004196167
Asio,95.078,6.60900020599365
RIO,129.954,6.89099979400635
"愛をこめて花束を",161.934,5.92000007629395
"Sny a Noční Můry (feat. Lvcas Dope & Nik Tendo)",158.039,6.09800004959106
"Solo - Remix",98.038,5.49300003051758
"Vay Delikanlı Gönlüm",83.941,5.5
"Am I Wrong",119.939,6.71400022506714
Raplord,148.18,6.63500022888184
"Craving You",104.978,7.31599998474121
"Sky Walker",145.965,5.22700023651123
"Salé",141.925,6.89099979400635
"Ateşle Oynama",104.039,5.5
"No Te Hagas",131.972,5.49300003051758
"La Gozadera",95.036,5.49300003051758
"Tu Foto",175.907,5.49300003051758
Heaven,132.713,5.19500017166138
"Derin Derin Sevdalara Dalarsın",178.446,5.5
"Con Lai",138.039,6.60900020599365
"Sweet Disposition",129.139,7.28399991989136
"Ponle La Firma",199.676,6.4520001411438
Bammbaramm,96.057,7.50400018692017
"El Equivocado",150.019,6.4539999961853
"Don't Stop Believin'",118.852,7.28399991989136
"Look At Me!",139.059,5.22700023651123
"Tengo Que Colgar",126.007,6.57800006866455
Lumbra,92.01,5.49300003051758
"Crank It (Woah!) - Radio Edit",124.984,6.71400022506714
"Carmesí",121.968,5.23000001907349
"Echte Berliner",92.973,7.00600004196167
DEVASTATED,123.004,7.28399991989136
"Tusen Bitar",131.977,7.28399991989136
SORA,143.98,5.92000007629395
Criminal,79.987,5.49300003051758
"Fuck Ugly God",134.956,6.99300003051758
"What Do You Love",96.028,7.3769998550415
"Svona er þetta",141.029,7.50400018692017
"Haydar Haydar",85.013,5.5
"Here Comes The Sun - Remastered",129.171,7.28399991989136
"Let Me Love You",104.019,7.28399991989136
"Loin - Pilule Violette",102.028,7.3769998550415
"The Best Side Of Life",90.947,7.00600004196167
"Do Not Disturb",171.029,5.22700023651123
"Na Ponta Ela Fica",95.075,5.49300003051758
"Fikrimin İnce Gülü",140.076,5.5
"Do Teto Ao Chão - Ao Vivo",134.309,6.63500022888184
Manboy,117.824,7.28399991989136
"4 da manhã",111.971,6.63500022888184
"Deja De Llorar",90.095,6.4539999961853
23,133.993,5.49300003051758
"Louis Louis",107.912,7.00600004196167
"Hasta Que Se Seque el Malecón - Remix",100.066,5.49300003051758
Michi,94.955,5.92000007629395
"Dirty Work",104.985,5.92000007629395
"Ropa Interior",92.031,5.49300003051758
Negla,144.034,7.50400018692017
"Malbec (Part. Dennis Dj) - Ao Vivo",129.05,6.63500022888184
Tvillingen,104.922,7.28399991989136
"Cash Machine",143.164,6.99300003051758
Partiu,129.911,5.49300003051758
"Bon Voyage",116.938,7.00600004196167
"Robarte un Beso",95.046,5.49300003051758
"Bukan Untukku",163.031,6.08400011062622
"Komm wir chillen (feat. Yonii & Bausa) - Bonustrack",102.007,6.95100021362305
Dele,93.978,5.97300004959106
Naistumichiu,96.963,6.4539999961853
"Soy Peor",115.942,5.49300003051758
"Solteiro de Novo - Ao Vivo",163.104,6.63500022888184
"I En Stjerneregn Af Sne",78.393,7.52199983596802
"Säg nåt som får mig att stanna",97.054,7.28399991989136
San,115.198,6.89099979400635
"Esqueci Como Namora",98.063,6.63500022888184
"Wonderwall - Remastered",174.302,7.28399991989136
"Se Não Acordar Amanhã",145.006,5.19500017166138
"Meu Amor - Ao Vivo",175.053,6.63500022888184
"Deli Kan",133.845,5.5
"Deja Vu",104.969,7.52199983596802
"Me llamas",93.017,5.49300003051758
"Reggaetón Lento (Remix)",93.984,5.22700023651123
"Live Up To My Name",129.971,7.31599998474121
Fever,98.093,6.4520001411438
"Chodź",140.029,5.97300004959106
"Saufen morgens, mittags, abends",125.004,7.00600004196167
"Hey DJ",89.98,5.49300003051758
Helwa,121.018,7.52199983596802
Loucos,90.046,5.19500017166138
"Gotta Thing About You",135.072,7.28399991989136
"Ya Salam",108.01,7.00600004196167
Baby,112.991,7.00600004196167
Lento,95.968,5.23000001907349
"ワタリドリ",134.982,5.92000007629395
"No Role Modelz",100.0,7.28399991989136
Overleve,118.007,7.52199983596802
"Každý Ráno",120.092,6.60900020599365
"Uber Everywhere",140.181,6.99300003051758
"Ciumento Eu - Ao Vivo",163.901,6.63500022888184
"Hum With Me",111.924,7.28399991989136
"Cry out",168.068,5.92000007629395
Exchange,160.14,6.99300003051758
Hot2Touch,121.986,5.22700023651123
"Esperándote",186.125,5.49300003051758
"Want Her",101.029,7.31599998474121
"Tergantung Sepi",129.773,6.08400011062622
"Bir Beyaz Orkide",91.995,5.5
"Elsk Mig",159.46,7.52199983596802
"A.I. am Human",119.956,5.92000007629395
"O Shit",105.037,7.50400018692017
"Medo Bobo - Ao Vivo",91.989,6.63500022888184
"Cuando Acaba el Placer",114.054,5.71500015258789
"Anne - Uit Liefde Voor Muziek",145.036,6.89099979400635
"Eu Sei de Cor - Ao Vivo | Acústico",124.016,6.63500022888184
B.O.B.A.,160.05,7.50400018692017
"Shut Up and Dance",128.038,6.71400022506714
"Christophe (feat. Maître Gims)",111.974,6.89099979400635
Bonita,96.042,5.49300003051758
Notion,182.665,7.28399991989136
"Rocket (feat. NEIKED)",173.896,7.28399991989136
"Zo Bijzonder - Uit Liefde Voor Muziek",95.008,6.89099979400635
"De Vez en Cuando",175.873,6.65199995040894
"Patty Cake",152.094,6.99300003051758
"Solmussa (feat. BEHM)",115.052,7.4689998626709
"Déjame te explico",92.994,5.49300003051758
"Mä hiihdän",180.17,7.4689998626709
"Milk Tea",89.963,5.92000007629395
Senorita,98.071,7.00600004196167
Africa,92.717,7.28399991989136
"Benim Stilim",100.002,5.5
Snow,105.726,7.28399991989136
"Such A Boy",94.98,7.28399991989136
Chau,95.996,6.4539999961853
"Ohne mein Team",129.999,7.00600004196167
"Ese Hombre",103.045,5.71500015258789
"Es Tarde",96.968,5.49300003051758
"Mwaka Moon",155.014,6.89099979400635
"Volverte A Ver",93.96,5.71500015258789
"Another Christmas",72.04,7.28399991989136
Telefon,114.014,7.00600004196167
"Amárrame",90.039,6.35699987411499
"Dzisiaj w Betlejem",109.91,5.97300004959106
Rolex,144.946,7.28399991989136
"Tu No Vive Asi (feat. Mambo Kingz & DJ Luian)",120.054,5.49300003051758
"His & Hers (Perspectives)",94.158,6.71400022506714
"Selamanya Cinta",177.191,6.08400011062622
Permanecer,128.024,5.49300003051758
"Still Here",133.937,6.97700023651123
"Endelig Jul Igen",112.722,7.52199983596802
Privacy,97.092,7.28399991989136
Provider,139.886,7.28399991989136
"Blow Your Mind (Mwah)",108.854,7.28399991989136
"Money Longer",136.173,7.31599998474121
"I Believe I'm Fine",100.01,7.3769998550415
"Hey Ya! - Radio Mix / Club Mix",79.526,5.84999990463257
"KNOCK KNOCK - Japanese ver.",130.03,5.92000007629395
"Tell Me Why",182.01,5.92000007629395
"Vi Lover Hinanden",105.985,7.52199983596802
Jagdsaison,86.628,7.00600004196167
Zorza,78.781,5.97300004959106
"Kylmii Väreitä",167.961,7.4689998626709
"El Farsante",120.056,5.49300003051758
"Gyal You A Party Animal",128.854,5.49300003051758
"Gucci Song (Reykjavik Remix)",140.036,7.50400018692017
Naihishinsho,92.572,5.92000007629395
"Natural Lips",108.981,5.92000007629395
"Algo Me Gusta De Ti",127.964,5.49300003051758
"Rewrite - 2016 Rerecorded",89.488,5.92000007629395
"太陽も月も",119.862,5.92000007629395
"No Don",106.116,6.71400022506714
"Besándote",95.037,5.49300003051758
"Llama In My Living Room",128.989,7.28399991989136
"Lose Yourself - Soundtrack Version",171.388,7.28399991989136
"Það stendur mikið til",82.188,7.50400018692017
"When You Love Someone",125.863,7.28399991989136
"What You Do",96.945,6.60900020599365
"Would I Lie To You - Radio Edit",123.986,7.28399991989136
Then,112.308,5.22700023651123
"Hayaan Mo Sila (Inspired by I'm the One)",80.004,5.42999982833862
Pakken,80.036,7.52199983596802
"Avisa Que Eu Cheguei",91.991,6.63500022888184
"Depression & Obsession",105.95,5.22700023651123
"No Quiere Enamorarse (Remix) [feat. Daddy Yankee]",164.073,5.49300003051758
"Jag kommer hem igen till jul",77.815,7.28399991989136
"Llego La Navidad (Winter Wonderland)",160.049,6.57800006866455
"Sıfır Tolerans",127.981,5.5
"Bonita - Remix",96.005,5.49300003051758
Fisherman,132.864,6.71400022506714
"Cheerleader - Felix Jaehn Remix Radio Edit",118.016,7.28399991989136
"Papercuts (feat. Vera Blue)",191.863,7.28399991989136
"Amor Completo",175.548,6.57800006866455
"Só Eu Sei",101.002,5.19500017166138
Snow,105.725,7.28399991989136
"Que Tengo Que Hacer",118.052,5.49300003051758
"Şahane",123.988,5.5
"Tidligt Op",118.065,7.52199983596802
"The Fighter",132.011,6.99300003051758
Criminal,79.997,5.49300003051758
"Motorcycle Patches",162.835,5.22700023651123
"Quiero Que Sepas",110.055,6.40299987792969
"Check ich nicht",102.036,7.00600004196167
"Ya No Me Duele Más",98.055,6.35699987411499
"Like OOH-AHH",141.997,5.92000007629395
"Vi gör det ändå",124.013,7.28399991989136
Samantha,139.918,6.71400022506714
"愛唄",169.964,5.92000007629395
"I Will Wait",131.004,6.71400022506714
"Nilüfer",150.027,5.5
"A Million Years",111.594,7.28399991989136
"Ahora Dice",143.965,5.49300003051758
"Without Me",112.249,7.28399991989136
Ulla,114.007,7.52199983596802
FLY,116.969,5.92000007629395
"Agora Vai Sentar",130.099,5.49300003051758
"Seni Sevmiyorum Artık",167.945,5.5
"Girl At Coachella (with Matoma & MAGIC! feat. DRAM)",131.194,7.28399991989136
"Se Preparó",171.077,5.49300003051758
"Bende Bir Problem Var",95.008,5.5
"Adiós Amor",177.61,6.35699987411499
"Too Good",117.983,5.22700023651123
"Beautiful Mess",125.576,5.22700023651123
Traicionera,91.012,5.49300003051758
Tragedia,203.55,7.4689998626709
"Diabla - Official Remix",137.945,5.49300003051758
"Vor í Vaglaskógi",92.502,7.50400018692017
"Sleikir Á Þér Varirnar Og Blikkar",159.867,7.50400018692017
"PLAY THAT",127.987,5.92000007629395
"La Formula (feat. Chris Jeday)",172.028,5.49300003051758
"Jeg Har En Pige",143.947,7.52199983596802
Goud,119.991,7.3769998550415
"Α. Nwaar Is The New Black",130.18,6.89099979400635
"Yo te propongo",112.178,6.4539999961853
"Overflows~言葉にできなくて~",77.316,5.92000007629395
"Did It For The Fame",100.045,7.28399991989136
"Der' noget i december - Bonus Track",96.016,7.52199983596802
I.S.W.T,120.044,5.97300004959106
"Cheia de Marra",71.85,6.63500022888184
"No Diggity",88.641,7.28399991989136
"Amigos y Enemigos - Remix",115.01,5.49300003051758
"Şehir",174.008,5.5
Encantadora,169.943,5.49300003051758
Jungle,146.002,7.28399991989136
"Kupa Kızı Ve Sinek Valesi",94.83,5.5
Punjabi,149.938,7.00600004196167
"Rake It Up",149.953,7.28399991989136
"Ya Da Boşver",96.986,5.5
"Ojalá",153.478,6.40299987792969
"Doble Filo",124.034,5.23000001907349
Orlando,84.902,7.28399991989136
"Otra Copa (feat. Farruko)",87.983,5.49300003051758
Malibu,139.934,7.28399991989136
"À La Carte",156.053,6.09800004959106
"Ahora Me Llama",134.878,5.49300003051758
"Hakkımda Konuşmuşsun",135.465,5.5
"Rich Boy",109.987,7.28399991989136
Silfurskotta,128.315,7.50400018692017
Caviar,114.963,5.23000001907349
Kibir,97.03,5.5
"Lock Doh",92.502,6.71400022506714
"O Grave Bater",95.008,5.49300003051758
"Good Grief",120.041,6.71400022506714
"Déjate Llevar",92.051,5.49300003051758
Suspus,157.967,5.5
"Mean 2 U",81.938,7.50400018692017
"Zone (feat. Nekfeu & Dizzee Rascal)",116.088,6.89099979400635
"Deixe Me Ir - Acústico",186.581,6.63500022888184
"Girls Like (feat. Zara Larsson)",120.032,6.71400022506714
"Jul På Vesterbro",85.0,7.52199983596802
"Pode Se Soltar",160.088,5.49300003051758
Tueurs,172.158,6.89099979400635
AM11:00,98.008,5.92000007629395
"Adiós Amor",89.066,6.57800006866455
"Yhtäccii",105.025,7.4689998626709
"Zigarren Havanna - KMN Street EP.2",109.967,7.00600004196167
"Me Quedo Con Vos",115.001,6.4539999961853
"Todo Comienza en la Disco",91.992,5.49300003051758
"Demi Cinta",105.029,6.57200002670288
"Hanuri (feat. Boyat)",100.964,7.4689998626709
"Alles probiert",103.993,7.00600004196167
"All of Me",119.93,5.49300003051758
Kokaina,132.897,7.00600004196167
Hands,100.033,5.26200008392334
Imitadora,125.997,5.49300003051758
"Wherever I Go",99.961,6.97700023651123
"Buscando Huellas (feat. J Balvin & Sean Paul)",108.127,5.49300003051758
"Buscando Huellas (feat. J Balvin & Sean Paul)",108.127,5.49300003051758
"İyi Bil",87.242,5.5
"Ísköld",125.919,7.50400018692017
Redha,132.066,6.08400011062622
"メロス",159.894,5.92000007629395
"Lose Yourself - Soundtrack Version",171.431,5.22700023651123
"ログマロープ",126.923,5.92000007629395
"Alles auf Rot",121.987,7.00600004196167
"Say It - Illenium Remix",149.69,7.28399991989136
MAGIC,129.954,5.92000007629395
"More & More",122.022,6.71400022506714
"Oitava Dose - Ao Vivo",106.983,6.63500022888184
"Keinu (Vain elämää kausi 7)",144.979,7.4689998626709
"Cinderella - From ""Hero Seorang Cinderella"" Soundtrack",111.847,6.08400011062622
"Al Filo de Tu Amor",97.98,5.49300003051758
"Merry Christmas Darling - Album Version/Remix",81.113,5.22700023651123
"She's On My Mind",92.043,6.71400022506714
"Ben Ne Yangınlar Gördüm",96.033,5.5
"Tú Foto",175.92,5.49300003051758
"All Stars",124.037,7.28399991989136
"涙のない世界",99.981,5.92000007629395
Dembow,99.983,5.49300003051758
"Millionaire (feat. Nelly)",100.014,7.28399991989136
"El Amante",179.91,5.49300003051758
"Younger Now",121.91,5.22700023651123
"Lego House",159.701,6.71400022506714
"Me Mata",114.028,5.49300003051758
"10% - Ao Vivo",154.006,6.63500022888184
"Aşk Mı Lazım",81.844,5.5
"A Gente Brigou",99.71,6.63500022888184
"I Get The Bag (feat. Migos)",139.948,5.22700023651123
"Better Days",95.984,7.31599998474121
"Drop It",98.002,7.0789999961853
"Crazy Crazy (feat. Charli XCX & Kyary Pamyu Pamyu)",125.071,5.92000007629395
"Alguien Robo",92.973,5.49300003051758
"Prens & Prenses",163.805,5.5
"Knock Out",123.071,5.23000001907349
Keskiednis,128.032,7.3769998550415
"Love U Better (feat. Lil Wayne & The-Dream)",95.061,7.28399991989136
Netflixxx,134.91,5.49300003051758
"Dema Ga Ge Gi Go Gu",149.681,5.23000001907349
"Lo Intentamos",112.093,6.4539999961853
"Oro E Argento",117.018,5.96400022506714
"Si Ella Quisiera - Remix",89.998,5.49300003051758
"Bir Derdim Var",119.062,5.5
"Ziet Em Duun - Regi & Lester Williams Remix",125.016,6.89099979400635
"Eine ins Leben",97.969,7.00600004196167
"La isla del amor - RMX",94.872,6.40299987792969
"Ζ. Kietu",117.991,6.89099979400635
"La fête est finie",139.997,6.89099979400635
Dokunma,167.98,5.5
"Desde Que Estamos Juntos",184.028,6.40299987792969
"Lamento Boliviano",123.57,6.57800006866455
"CHEER UP - Japanese ver.",172.888,5.92000007629395
"My Dream",91.933,7.0789999961853
"İstanbul",115.044,5.5
"Everybody Dies In Their Nightmares",129.953,5.22700023651123
"For Længe",119.965,7.52199983596802
"En La Intimidad",113.077,5.49300003051758
"This Girl (Kungs Vs. Cookin' On 3 Burners) - Kungs Vs. Cookin' On 3 Burners",121.972,7.28399991989136
"La Bicicleta",179.984,5.49300003051758
"Her Kiss",165.802,7.28399991989136
"Should've Been Me",183.92,7.28399991989136
"Sim ou não (Participação especial Maluma)",99.004,6.63500022888184
"Bana Öyle Bakma",115.179,5.5
"Cara Bacana",87.838,5.49300003051758
"Coração de Aço",133.956,6.63500022888184
"I Wonder",82.121,6.71400022506714
Original,110.002,7.00600004196167
"Happy New Year",132.659,7.3769998550415
"Say Something - Zac Samuel Remix",119.988,6.71400022506714
"Lambo Diablo GT (feat. Nimo)",114.994,7.00600004196167
"Tequila Pa la Razon",109.521,6.4539999961853
"My Boo - Acoustic Version",153.939,5.92000007629395
#HEY!,100.022,6.4539999961853
"Não Se Passa Nada",140.108,5.19500017166138
"Rüyalarda Buruşmuşum",114.971,5.5
"Ridin'",138.976,6.89099979400635
"SUBEME LA RADIO",91.048,5.22700023651123
"Do What I Want",139.952,6.99300003051758
"Não Troco",150.03,6.63500022888184
"Finders Keepers",108.036,6.71400022506714
"Nunca Me Amo",130.065,5.49300003051758
"Amigos No por Favor (Primera Fila) - En Vivo",137.922,6.57800006866455
"NANIMONO (feat. 米津玄師)",128.014,5.92000007629395
"Could You Love Me?",124.021,6.71400022506714
"Don't Stop Me Now - Remastered",156.295,5.84999990463257
"O Holy Night",101.051,7.00600004196167
Riptide,101.654,7.28399991989136
"Cukup Tau",168.076,5.26200008392334
"Because of You",95.878,5.92000007629395
"She's So Lovely",167.142,6.71400022506714
Columbo,114.998,7.00600004196167
"Mistletoe And Holly - 1999 - Remaster",110.378,5.22700023651123
"La musica non c'è",135.919,5.96400022506714
Popkorni,97.921,7.4689998626709
"La Fotografia",139.988,5.23000001907349
"Robím To Čo Chcem",145.023,6.09800004959106
"Jessie's Girl",131.703,6.71400022506714
"Let It Go",147.464,7.28399991989136
"Andromeda (feat. DRAM)",130.084,7.28399991989136
"47 - Remix",146.016,5.49300003051758
"Good Lovin'",106.766,7.28399991989136
"Nunca Me Olvides - Remix",95.009,5.49300003051758
"Tenerife Sea",121.876,7.28399991989136
"Luna Llena",160.018,6.4539999961853
"Cala a Boca",150.121,5.19500017166138
YOUTH,91.507,5.26200008392334
Runaway,109.994,6.89099979400635
"Como Antes",94.987,5.49300003051758
"Siempre Te Voy A Querer",129.866,6.57800006866455
"El Perdón",179.911,5.23000001907349
"Yo Tomo",94.987,6.65199995040894
"Me Subo Arriba",139.002,5.23000001907349
"La Estrategia",165.599,6.35699987411499
"Yana Döne",128.038,5.5
"Fresh Eyes",122.047,7.28399991989136
"Baldin de Gelo",176.081,6.63500022888184
"El Farsante",120.007,5.49300003051758
"Ill Ray (The King)",135.999,6.71400022506714
"De Pie",100.019,6.40299987792969
"Oitava Dose - Na Praia 2 / Ao Vivo",106.176,6.63500022888184
"Sesungguhnya Aku - From ""Red Velvet"" Soundtrack",132.071,6.08400011062622
Bros,150.014,7.00600004196167
Romance,88.966,5.49300003051758
"Cevapsız Sorular",187.976,5.5
Hukutaan,80.005,7.4689998626709
Drinkee,115.009,7.28399991989136
Ansvar,130.21,7.52199983596802
"Nummer 1",111.24,7.00600004196167
Terrain,134.041,6.89099979400635
"Nunca quise",118.002,5.49300003051758
"Piel a Piel",111.64,6.4539999961853
Audi.,122.993,6.99300003051758
Salam,97.027,7.3769998550415
Katil,145.052,5.5
Phases,110.007,6.71400022506714
"La Realidad (Remix)",176.163,5.49300003051758
Privado,127.05,5.49300003051758
"STAY TUNE",122.991,5.92000007629395
"Viento a Favor",130.004,6.4539999961853
"Grave Faz Bum",129.983,6.63500022888184
"Vivo Pensando En Ti",99.987,5.49300003051758
Origo,107.862,5.32399988174438
"No Flockin",117.532,6.99300003051758
"Mi Mala",172.036,5.49300003051758
"Prometo - Versión piano y cuerda",177.803,6.40299987792969
"Otra Cosa",96.045,6.40299987792969
"Bebé - Remix",172.0,5.49300003051758
"Rolling In The Deep",104.948,7.28399991989136
"Þetta Er Rán (feat. Króli)",125.016,7.50400018692017
Everybody,110.005,7.28399991989136
"City Of Stars - Operación Triunfo 2017",109.856,6.40299987792969
"A Sky Full of Stars",124.996,7.28399991989136
Alcatraz,71.765,6.60900020599365
"Großstadtdschungel",117.969,7.00600004196167
"Gnags' Julesang",151.819,7.52199983596802
"Home for Christmas",134.037,5.19500017166138
Sex,102.42,7.28399991989136
"Carita de buena",101.994,6.40299987792969
Aladdin,104.921,6.71400022506714
MINT,94.993,5.92000007629395
Antaudun,172.083,7.4689998626709
"Te Lo Meto Yo (feat. Bad Bunny, Lary Over, Farruko, Arcangel & Tempo)",129.949,5.23000001907349
"All My Friends",95.055,7.28399991989136
"Amar pelos Dois",175.914,5.22700023651123
"Schnell machen",91.02,7.00600004196167
Loca,113.058,5.49300003051758
"Congratulations - Remix",123.017,7.31599998474121
"N. J Respect R",127.052,6.89099979400635
"Kim Ty Jesteś? (prod. Vznare & Young Lepa)",86.687,5.97300004959106
"I Don´t Give A",69.53,7.28399991989136
Hana,183.942,5.92000007629395
Georgia,143.554,7.28399991989136
"Báilame",96.029,5.49300003051758
"ROAM AROUND",126.999,5.92000007629395
Negrita,96.05,5.49300003051758
"Halen & Trekken",119.866,7.3769998550415
Party,142.096,7.28399991989136
"El Ritmo de Mi Corazon",106.509,5.71500015258789
"make daddy proud",102.049,5.97300004959106
"My Number",128.047,6.71400022506714
"Gir Kanıma",124.012,5.5
Mamita,91.035,5.49300003051758
Untouchable,88.808,5.22700023651123
"Joga o Bum Bum Tamtam",132.01,5.49300003051758
"Devuélveme El Corazón",153.958,5.49300003051758
Habibi,75.113,7.28399991989136
"Koca Yaşlı Şişko Dünya",165.917,5.5
Barbies,143.693,7.28399991989136
"Soktuğu Duruma Bak",121.968,5.5
"Yanıyorum Hala",132.011,5.5
"Quiero Repetir",97.626,5.49300003051758
"You Want Me",126.044,6.71400022506714
"Rett i foret",150.02,7.53700017929077
"Embriágame (feat. Don Omar) - Remix",91.006,5.49300003051758
"Geberiyorum - Nazım Hikmet Ran Günler Şiiri",113.065,5.5
"Η. Gova",137.941,6.89099979400635
Lean,127.025,5.23000001907349
"Iná (feat. Elpe & Ego)",209.577,6.60900020599365
"Nema bolje",98.066,7.00600004196167
"Esfrega Esfrega",127.006,5.19500017166138
BOOM,123.001,5.32399988174438
"Giden Candan Gidiyor",169.907,5.5
"Síguelo Bailando",98.015,5.49300003051758
"Kolay Değildir",75.225,5.5
"Ked Af Det",146.121,7.52199983596802
"No vaya a ser",99.995,5.49300003051758
Bailarina,129.979,6.40299987792969
"Nån Annan",100.04,7.28399991989136
"La Bicicleta",179.935,5.49300003051758
Hunter,99.465,6.60900020599365
"Ojalá (feat. Darell)",128.101,5.49300003051758
"Curve (feat. The Weeknd)",147.01,7.28399991989136
"Silent Hill (feat. Calin & Special Beatz)",110.016,6.09800004959106
"Come Again",99.999,7.3769998550415
"Tienes La Magia",101.964,5.71500015258789
"Si Tu Cama Hablara",164.035,5.23000001907349
"That's My Girl",202.049,6.71400022506714
"What's Luv? (feat. Ashanti) - Clean Version featuring Ashanti",93.857,6.71400022506714
"No Scrubs",92.909,7.28399991989136
"Si Tu Novio Te Deja Sola",121.99,5.49300003051758
"Qual Bumbum Mais Bate, Qual Bumbum Mais Pula",86.58,5.49300003051758
"Yakarım Geceleri",155.969,5.5
Muchachita,98.01,5.49300003051758
"De Manier",122.055,7.3769998550415
"City Lights",129.947,5.22700023651123
"Ni Tú Ni Yo",109.04,5.49300003051758
"Momentz (feat. De La Soul)",140.235,7.28399991989136
"Falsas Mentiras (feat. Ozuna)",87.372,5.23000001907349
"Aamukuuteen (feat. Erin)",102.064,7.4689998626709
"Crazy Brazy",143.083,7.31599998474121
Besarte,125.384,6.4539999961853
"Solos (feat. Lary Over)",196.072,5.49300003051758
"Two Princes - Radio Mix",118.019,7.00600004196167
"La Última Vez",96.973,5.49300003051758
Tresi,139.918,6.95100021362305
Holz,87.981,7.00600004196167
Fading,98.05,7.28399991989136
"Pra Sempre Com Você - Ao Vivo",97.996,6.63500022888184
"Dutty Love",90.036,5.49300003051758
"Ne Güzel Güldün",51.722,5.5
"Simple (feat. Cosculluela, Nengo Flow & Baby Rasta y Gringo)",168.062,5.49300003051758
"Tu Boca",171.889,6.4539999961853
Solskin,101.988,7.52199983596802
"Only Human",82.032,7.28399991989136
"Élvezd",88.619,5.32399988174438
"Medellín",128.012,6.89099979400635
"Bailame Despacio",88.015,5.49300003051758
"Slem Igen - Hedegaard Remix",104.99,7.52199983596802
"Te Regalo",121.692,6.57800006866455
"Réseaux",150.056,6.89099979400635
"You're Welcome",135.277,7.28399991989136
"Papel Amassado - Ao Vivo",95.891,6.63500022888184
"Remiendo Al Corazón",74.638,5.23000001907349
"Holy Mountain",137.009,6.71400022506714
"Por Hacerme el Bueno",195.981,6.35699987411499
"Sun Goes Down",121.999,6.40299987792969
"Tunnel Vision",171.853,5.22700023651123
"Tu No Metes Cabra",91.964,5.49300003051758
Akad,91.533,5.26200008392334
FuckBoi,128.027,7.52199983596802
"In My Feelings",89.933,5.22700023651123
Chillax,92.057,5.49300003051758
"Esse Dom",95.054,5.19500017166138
"Losing Sleep",92.003,7.31599998474121
"No Option",83.986,7.28399991989136
"Ya Se Fue el 71",123.455,6.65199995040894
"There He Go",138.042,6.99300003051758
Pesan,133.754,6.08400011062622
"Egoísta",169.859,6.40299987792969
"Shed a Light",122.058,6.60900020599365
Camouflage,125.055,7.52199983596802
AMG2,99.027,7.00600004196167
"Krippy Kush",163.043,5.49300003051758
"DNA - Japanese ver.",129.942,5.92000007629395
"It's A Vibe",73.003,7.28399991989136
"Youtube Benim İşim",145.037,5.5
"Permata Cinta",138.024,6.57200002670288
"Mi Religión",90.018,5.49300003051758
"Helt seriöst",113.141,7.28399991989136
Bom,102.985,6.63500022888184
"Way Way",105.0,7.52199983596802
Affection,89.839,5.5
Obsesionado,169.027,5.23000001907349
"Little Hollywood",122.014,7.00600004196167
Light,150.088,7.28399991989136
"Báilame - Remix",96.011,5.49300003051758
"Anganku Anganmu",155.95,5.26200008392334
Dudak,104.969,5.5
Saved,81.044,7.28399991989136
Zalikha,124.999,6.08400011062622
"Nowy Sezon",102.073,5.97300004959106
"Yasashisade Afureruyouni",79.98,5.92000007629395
"Shooting Stars",124.962,7.28399991989136
"Soldaten 2.0",91.051,7.00600004196167
"SIGNAL - Japanese ver.",207.581,5.92000007629395
"Deu Onda",129.926,5.49300003051758
"Giovane Fuoriclasse",133.036,5.96400022506714
"Jingle Bell Rock from Daryl",128.718,5.84999990463257
"Explícale",125.086,5.49300003051758
"Just Say",126.99,6.71400022506714
"Nada Bom II",137.792,6.63500022888184
Revenge,139.999,5.22700023651123
"Candy Paint",180.008,7.28399991989136
"Mala Mujer",100.974,5.49300003051758
"Sensiz Olmaz",115.952,5.5
Chameleon,119.982,7.28399991989136
"Cásate Conmigo",93.832,5.49300003051758
Home,79.993,5.92000007629395
Hyperreal,110.034,7.28399991989136
"Avisa Que Eu Cheguei - Ao Vivo",92.298,6.63500022888184
Sirenes,119.076,5.19500017166138
"La Ocasion (feat. Arcangel, Ozuna & Anuel Aa)",134.02,5.49300003051758
"Gyal You A Party Animal - Remix",101.032,5.49300003051758
"Father Stretch My Hands Pt. 1",113.074,6.99300003051758
"Nabız 180",75.264,5.5
"Look at Me!",139.128,7.28399991989136
"You Gotta Be",94.06,6.71400022506714
"Sinä ansaitset kultaa (Vain elämää kausi 7)",145.921,7.4689998626709
"On My Mind",122.056,6.71400022506714
Sobredosis,128.01,5.23000001907349
"No Money",126.01,7.28399991989136
Sadece,85.793,5.5
"Sun Comes Up",106.017,5.22700023651123
"Wolfie (feat. Julia Stone)",119.985,7.28399991989136
"Antes Que No",94.0,6.40299987792969
"Lächeln",115.491,7.00600004196167
"Back Flip",154.826,5.22700023651123
"Márchate ahora",101.946,6.4539999961853
Stronger,103.98,7.28399991989136
"Dame Bola",196.044,6.4539999961853
"Sex ohne Grund",93.982,7.00600004196167
"Nössö",110.012,7.4689998626709
oui,119.749,6.99300003051758
Sicario,120.006,7.52199983596802
"High End",153.047,7.28399991989136
47,145.914,5.23000001907349
"No Favors",124.719,5.22700023651123
"Run Rudolph Run - Single Version",152.277,5.22700023651123
"Bruk Off Yuh Back",100.967,7.0789999961853
"El Amante - Remix",89.968,5.49300003051758
Aventura,108.05,6.4539999961853
"Complicidad (feat. Manuel Medrano)",103.938,6.35699987411499
"Seven Nation Army",123.913,7.28399991989136
Fiebre,90.03,6.40299987792969
"Ay Mi Dios",92.033,5.49300003051758
"Mwaka Moon",155.028,6.89099979400635
"Hey Mamma - Radio Edit",110.113,5.22700023651123
"Joga O Bum Bum Tam Tam",131.979,5.49300003051758
Sitzheizung,136.876,7.00600004196167
"Occidentali's Karma - Radio Edit",114.07,5.22700023651123
"Mauvaise graine",119.979,6.89099979400635
"Mi No Dansi",106.0,7.3769998550415
"Tell Me You Love Me",122.066,7.28399991989136
Gazette,119.979,7.52199983596802
Testify,96.183,7.31599998474121
"Ahora Lloras Tú",115.979,6.40299987792969
"Dari Mata",109.963,5.26200008392334
"Älä jätä roikkuu",162.607,7.4689998626709
Chico,108.058,7.52199983596802
"How Far I'll Go",83.632,7.28399991989136
"Ride Or Die",99.728,7.3769998550415
"Big Fish",100.01,7.28399991989136
Nostalgia,104.977,5.97300004959106
"Kling Kling",132.075,7.50400018692017
Alleen,120.088,7.3769998550415
"Gold Digger",92.88,7.28399991989136
"Escápate Conmigo - Remix",91.973,5.49300003051758
"We are",147.927,5.92000007629395
"No Quiere Amor (feat. Farruko)",124.021,5.23000001907349
Swang,139.992,5.84999990463257
Diamanten,86.8,7.00600004196167
"Hælder Op",123.987,7.52199983596802
"Millonario al Tiro",118.055,5.23000001907349
"Candy Paint",180.046,7.28399991989136
"Un Ratito Mas",139.898,5.49300003051758
"Tengo un vicio",97.011,6.4539999961853
"Feel It",124.02,6.99300003051758
"Bis hier und noch weiter",90.983,7.00600004196167
"Hey Ma (with Pitbull & J Balvin feat. Camila Cabello) - Spanish Version",104.563,5.49300003051758
Unendlichkeit,77.658,7.00600004196167
"A Lie",121.189,5.22700023651123
"Me Gustas",96.933,5.49300003051758
"Wohin willst du",122.008,7.00600004196167
"Que Nadie Sepa Mi Sufrir",104.043,6.4539999961853
"Sitä säät mitä tilaat (feat. Ellinoora)",93.129,7.4689998626709
"Yo Contigo, Tú Conmigo - The Gong Gong Song / El Tema De La Película ""Gru 3 Mi Villano Favorito""",94.006,6.35699987411499
"Oh bah oui",115.948,6.89099979400635
Esmer,72.637,5.5
Gravity,126.151,7.28399991989136
Consigliere,141.004,7.52199983596802
Faces,80.004,5.92000007629395
"EYO (feat. Nelli Matula)",94.974,7.4689998626709
GOD.,132.98,5.22700023651123
"Homem de Família - Ao Vivo",135.499,6.63500022888184
Jaloux,154.932,7.52199983596802
"Me Gusta - Remix",99.974,5.49300003051758
"Come Alive",159.964,7.52199983596802
"Andas En Mi Cabeza",104.029,5.49300003051758
Destiny,154.007,5.92000007629395
"Mit Absicht",93.696,7.00600004196167
Noche,126.992,6.89099979400635
"Mo Money Mo Problems (feat. Mase & Puff Daddy) - 2014 Remastered Version",104.536,7.28399991989136
"Si No Vuelves",92.021,5.49300003051758
"Ana Lucia",159.866,5.49300003051758
"Sexto Sentido (feat. Bad Bunny)",140.984,5.49300003051758
"Si Tu Lo Dejas",115.021,5.49300003051758
"Cobertor de Orelha - Ao Vivo",80.067,6.63500022888184
"Ignition - Remix",133.024,7.28399991989136
"Kanzen kankaku Dreamer",94.975,5.92000007629395
"Kleiner Cabrón",128.102,7.00600004196167
Lapioin,134.995,7.4689998626709
Cartier,126.842,7.3769998550415
"7 Pollos",110.786,5.23000001907349
"Que Raro",171.935,5.49300003051758
"Perplexing Pegasus",145.971,5.22700023651123
"Rake It Up",149.953,7.28399991989136
"5 fine frøkner",120.015,7.28399991989136
"Quiéreme",175.985,5.49300003051758
"Hula Hoop",176.048,5.49300003051758
"An ihnen vorbei",192.127,7.00600004196167
"Pa Que Me Invitan - Spanglish Version",99.999,6.4539999961853
"Robarte un Beso",95.049,5.49300003051758
"Talk About It",123.975,7.28399991989136
"Please Don't Go",84.264,7.28399991989136
"Geçti O Günler",130.244,5.5
Decided,179.946,5.92000007629395
"Flame Trees - 2011 Remastered",120.353,7.28399991989136
"Sommar sommar sol",95.995,7.28399991989136
"İki Cihan",126.972,5.5
"Monica Bellucci",194.071,7.00600004196167
Reminder,160.043,5.22700023651123
"Laisse pas traîner ton fils (feat. Sofiane)",179.861,6.89099979400635
"Agora Eu Quero Ir",127.955,6.63500022888184
"Stir Fry",181.993,5.22700023651123
"Kind Van De Duivel",77.503,7.3769998550415
"Me Ama Me Odia",135.998,5.49300003051758
"Komdu um jólin",173.724,7.50400018692017
"Sway (feat. Quavo & Lil Yachty)",133.973,7.31599998474121
Hayalet,128.026,5.5
"Sentimento Louco - Ao Vivo",148.101,6.63500022888184
Bella,94.016,5.49300003051758
Automaticamente,132.076,5.49300003051758
"Ya No Me Duele Más - Remix",98.062,5.49300003051758
"Krippy Kush - Remix",163.229,5.49300003051758
"Hey Baby - Remix",98.383,7.28399991989136
"Hometown Girl",155.934,6.99300003051758
"Tüh tüh",123.005,5.5
"Asal Kau Bahagia",134.968,5.26200008392334
Mufasa,80.05,7.3769998550415
"Save That Shit",105.997,5.84999990463257
"Tuesday - Radio Edit",98.996,5.5
"Quem Mando Tu Terminar? (To Bonito To Né?)",172.724,6.63500022888184
Kogong,129.883,7.00600004196167
"El Chisme",92.964,5.49300003051758
"Uzun Lafın Kısası",129.958,5.5
"Tran Tran",126.064,7.49399995803833
#Natural,97.015,5.49300003051758
"Nede Mette",98.027,7.52199983596802
"Todo Dia",130.013,6.63500022888184
Gulddans,184.539,7.52199983596802
Moonwalk,142.924,7.00600004196167
"Still Falling For You - From ""Bridget Jones's Baby""",96.058,6.71400022506714
"Never Give Up",91.009,7.3769998550415
Fire,75.974,5.92000007629395
Flaca,109.326,6.35699987411499
Bobo,177.908,5.49300003051758
"Vyjebala Rešpekt",180.056,6.09800004959106
"When It Rains It Pours",128.027,7.31599998474121
"R.I.P Holly Hood",135.289,5.19500017166138
"Todo Biento",171.982,5.49300003051758
"The Christmas Waltz",106.476,5.22700023651123
"Escápate Conmigo",92.028,5.49300003051758
Places,122.01,5.22700023651123
"Ni Tu Amiga Ni Tu Amante",172.043,6.4539999961853
Silhouette,91.488,5.92000007629395
Tlen,106.982,5.97300004959106
Antidote,131.05,7.31599998474121
"Na Hora da Raiva - Ao Vivo",117.964,6.63500022888184
"For Evigt Ung",118.021,7.52199983596802
Fuori,109.946,5.96400022506714
"Dema Ga Ge Gi Go Gu",119.985,5.23000001907349
"En Que País",108.918,5.23000001907349
"Vamo´ a la calle",103.005,6.40299987792969
"Kimse Bilmez",117.835,5.5
Controlla,122.976,7.28399991989136
Papa,78.221,7.00600004196167
"Nobody Else But You",139.913,6.99300003051758
"Pills & Automobiles",144.981,7.28399991989136
"Tanrım - Remix",98.023,5.5
"Me Rehúso",104.823,7.28399991989136
"Lebih Sempurna",140.045,6.08400011062622
"Cholito Jesus",97.142,5.71500015258789
Yan,90.046,5.5
"Besos En Guerra",143.957,5.49300003051758
"Até Ex Duvida - Ao Vivo",164.958,6.63500022888184
Re-Generace,180.152,6.60900020599365
"Jokainen kyynel",102.026,7.4689998626709
"Nur noch Gucci",77.937,7.00600004196167
"Love On Me",124.146,7.28399991989136
"Paff Paff weiter 2",137.997,7.00600004196167
"In Motion (feat. Japanese Wallpaper)",107.988,7.28399991989136
"Te Vas",176.03,5.49300003051758
Bellydancehall,109.989,6.4520001411438
"Fora da Memória",203.887,6.63500022888184
Eldorado,130.121,5.97300004959106
"Feel Good",125.952,5.22700023651123
"イト",131.98,5.92000007629395
"Ku Rela Dibenci",134.936,6.57200002670288
"Ficadinha - Ao Vivo",145.952,6.63500022888184
"Lelaki Teragung",68.549,6.08400011062622
Sensualidad,140.006,5.22700023651123
"Jim Beam & Voddi",127.966,6.95100021362305
"Lights Out",89.972,6.71400022506714
"Runaway (U & I)",126.008,6.71400022506714
"From the Dining Table",94.08,5.22700023651123
Hotel,129.535,7.28399991989136
"İçimdeki Duman",91.816,5.5
"Shake up Christmas 2011 (Official Coca-Cola Christmas Song)",82.009,7.3769998550415
"Me Llamas",120.06,5.23000001907349
"Op Me Monnie",169.748,7.3769998550415
"Yakın Mesafe",119.025,5.5
Issues,90.713,6.99300003051758
Bargeld,168.026,7.00600004196167
Jedermann,174.887,7.00600004196167
"Gassed Up",148.88,6.99300003051758
"Por Ese Hombre",103.01,5.71500015258789
"Ciao Adios",106.083,7.28399991989136
"Mi Religión",90.012,5.49300003051758
Diamenty,135.036,5.97300004959106
"Dye My Hair",115.465,6.97700023651123
"Comme Ci Comme Ça",103.995,7.52199983596802
"Maldición",103.428,6.4539999961853
"Mon Chéri",106.948,7.00600004196167
"Chasing Cars",104.016,7.28399991989136
"Mit den Jungz",125.135,7.00600004196167
Loyalty,79.941,6.60900020599365
Famous,174.1,7.28399991989136
"El Perdedor - The Remix",173.941,5.49300003051758
"Lítur vel út",73.025,7.50400018692017
Legendary,141.652,6.09800004959106
"A Nossa Praia - Ao Vivo",121.75,6.63500022888184
"La Bicicleta - Remix",180.049,5.49300003051758
"Petite fille",120.016,6.89099979400635
"Show Me",119.977,7.52199983596802
"Ride On Time",118.763,6.71400022506714
"Run Me Dry",193.881,7.28399991989136
"100er Batzen",124.501,7.00600004196167
"La niñera",196.065,6.4539999961853
"Labba Inn",119.989,7.50400018692017
"Soy Un Don",135.017,6.40299987792969
"No Digas Nada",89.985,5.49300003051758
"Spice Girl",78.1,6.99300003051758
"Little Saint Nick",130.594,5.22700023651123
"Noches de Aventura",183.938,5.23000001907349
"Bu Kız",176.648,5.5
"The Sound Of Silence",85.794,7.28399991989136
"Amor, Amor, Amor",112.941,5.49300003051758
"Lo Que Pasa en la Noche",150.058,6.4539999961853
"Alışamadım",82.961,5.5
"A$AP Ferg",140.009,7.31599998474121
"De Snakker",119.908,7.52199983596802
"Roll In Peace (feat. XXXTENTACION)",140.053,5.22700023651123
"50 Reais",139.042,6.63500022888184
"Too Good To Be True",102.062,7.28399991989136
Flex,139.974,7.00600004196167
"Deja Que Te Bese",104.876,5.49300003051758
"American Teen",100.436,7.28399991989136
"Fallin' - Original Song from the TV Series ""The Secret Daughter""",125.012,7.28399991989136
"Until the End",113.935,6.89099979400635
Manicomio,180.039,5.49300003051758
"203 Stjórinn",144.037,7.50400018692017
"Düşman mısın Aşık mı?",129.976,5.5
"Lei do Retorno",129.844,6.63500022888184
"I Wanna Dance with Somebody (Who Loves Me)",118.814,5.84999990463257
Radioactive,136.249,5.49300003051758
"Desde Esa Noche",95.012,5.49300003051758
"Sit Still, Look Pretty",181.799,5.26200008392334
"Vazgeç Gönül",135.96,5.5
Nazar,127.972,5.5
Immortal,91.634,7.28399991989136
LUV,190.169,6.71400022506714
Zina,119.959,7.3769998550415
"Don Diego",119.96,7.52199983596802
"Pa Ti",128.085,5.49300003051758
"Cómo Te Atreves",130.98,6.35699987411499
"Pin Pon",117.991,5.23000001907349
"Bumbum Granada",130.015,5.49300003051758
"One Way Ticket",97.963,5.92000007629395
"Głupi byt",109.952,5.97300004959106
"İlk Pazar",172.003,5.5
"Reggaetón Lento (Bailemos) - Remix",93.996,5.49300003051758
"Su Novio Anterior",94.004,6.4539999961853
"Heavy (feat. Kiiara)",149.982,5.26200008392334
"What You Know",138.986,6.71400022506714
"Ruleta Rusa",120.092,5.49300003051758
"Aliança",132.983,5.19500017166138
